,Accuracy,Precision,Recall,F1,ROC_AUC
Logistic Regression,0.8340748779164406,0.7443985849056604,0.7922811421399435,0.767593859249126,0.9101532561465593
Random Forest,0.9190450352685838,0.8470287176570941,0.9347348603702541,0.8887231503579952,0.9738872865858291
XGBoost,0.9199131850244167,0.8366785812482815,0.9548164417947913,0.8918522860492379,0.979053898458173
